{
  "location": {
    "precision": 1.0,
    "recall": 1.0,
    "f1-score": 1.0,
    "support": 87
  },
  "email": {
    "precision": 1.0,
    "recall": 1.0,
    "f1-score": 1.0,
    "support": 14
  },
  "cuisine": {
    "precision": 0.9811320754716981,
    "recall": 1.0,
    "f1-score": 0.9904761904761905,
    "support": 52
  },
  "micro avg": {
    "precision": 0.9935064935064936,
    "recall": 1.0,
    "f1-score": 0.9967426710097721,
    "support": 153
  },
  "macro avg": {
    "precision": 0.9937106918238993,
    "recall": 1.0,
    "f1-score": 0.9968253968253968,
    "support": 153
  },
  "weighted avg": {
    "precision": 0.9935873720557405,
    "recall": 1.0,
    "f1-score": 0.9967631497043261,
    "support": 153
  }
}