{
  "affirm": {
    "precision": 0.9811320754716981,
    "recall": 0.9629629629629629,
    "f1-score": 0.9719626168224299,
    "support": 54,
    "confused_with": {
      "greet": 1,
      "ask_restaurant": 1
    }
  },
  "thank": {
    "precision": 1.0,
    "recall": 1.0,
    "f1-score": 1.0,
    "support": 24,
    "confused_with": {}
  },
  "ask_budget": {
    "precision": 1.0,
    "recall": 1.0,
    "f1-score": 1.0,
    "support": 4,
    "confused_with": {}
  },
  "deny": {
    "precision": 1.0,
    "recall": 1.0,
    "f1-score": 1.0,
    "support": 43,
    "confused_with": {}
  },
  "out_of_scope": {
    "precision": 0.9907407407407407,
    "recall": 0.981651376146789,
    "f1-score": 0.9861751152073732,
    "support": 109,
    "confused_with": {
      "ask_restaurant": 2
    }
  },
  "bye": {
    "precision": 1.0,
    "recall": 0.9565217391304348,
    "f1-score": 0.9777777777777777,
    "support": 23,
    "confused_with": {
      "ask_restaurant": 1
    }
  },
  "ask_email": {
    "precision": 1.0,
    "recall": 0.96,
    "f1-score": 0.9795918367346939,
    "support": 25,
    "confused_with": {
      "ask_restaurant": 1
    }
  },
  "ask_restaurant": {
    "precision": 0.9492753623188406,
    "recall": 0.9924242424242424,
    "f1-score": 0.9703703703703703,
    "support": 132,
    "confused_with": {
      "out_of_scope": 1
    }
  },
  "greet": {
    "precision": 0.9838709677419355,
    "recall": 0.953125,
    "f1-score": 0.9682539682539683,
    "support": 64,
    "confused_with": {
      "ask_restaurant": 2,
      "affirm": 1
    }
  },
  "accuracy": 0.9790794979079498,
  "macro avg": {
    "precision": 0.989446571808135,
    "recall": 0.9785205911849365,
    "f1-score": 0.9837924094629571,
    "support": 478
  },
  "weighted avg": {
    "precision": 0.9795898798698394,
    "recall": 0.9790794979079498,
    "f1-score": 0.9791106621975187,
    "support": 478
  }
}