[
  {
    "text": "jo",
    "intent": "affirm",
    "intent_prediction": {
      "name": "greet",
      "confidence": 0.7795753810574843
    }
  },
  {
    "text": "amayzing",
    "intent": "affirm",
    "intent_prediction": {
      "name": "ask_restaurant",
      "confidence": 0.670114810056371
    }
  },
  {
    "text": "tschüssikowski",
    "intent": "bye",
    "intent_prediction": {
      "name": "ask_restaurant",
      "confidence": 0.670114810056371
    }
  },
  {
    "text": "hiihihi",
    "intent": "greet",
    "intent_prediction": {
      "name": "ask_restaurant",
      "confidence": 0.670114810056371
    }
  },
  {
    "text": "Hellllooooooo",
    "intent": "greet",
    "intent_prediction": {
      "name": "ask_restaurant",
      "confidence": 0.670114810056371
    }
  },
  {
    "text": "jojojo",
    "intent": "greet",
    "intent_prediction": {
      "name": "affirm",
      "confidence": 0.5872401361498958
    }
  },
  {
    "text": "shitmuncher",
    "intent": "out_of_scope",
    "intent_prediction": {
      "name": "ask_restaurant",
      "confidence": 0.670114810056371
    }
  },
  {
    "text": "i want to eat",
    "intent": "out_of_scope",
    "intent_prediction": {
      "name": "ask_restaurant",
      "confidence": 0.5038752862271438
    }
  },
  {
    "text": "email1_34-ret@host-name.123.com",
    "intent": "ask_email",
    "intent_prediction": {
      "name": "ask_restaurant",
      "confidence": 0.670114810056371
    }
  },
  {
    "text": "i want a french restaurant",
    "intent": "ask_restaurant",
    "intent_prediction": {
      "name": "out_of_scope",
      "confidence": 0.5085244123577378
    }
  }
]